month,Avg_price
11,1743.3900024
09,1511.5023775714285
03,1116.3422309999999
06,1431.5954645454547
10,1541.9208984090908
04,1230.1114327142855
12,1767.7109042272727
08,1545.0195253809525
05,1381.37250975
07,1515.317732409091
